Prefecture,Confirmed_Cases
Hokkaido,834431
Aomori,182250
Iwate,119221
Miyagi,281752
Akita,113280
Yamagata,123876
Fukushima,206463
Ibaraki,384638
Tochigi,239040
Gunma,253606
Saitama,1238401
Chiba,986018
Tokyo,3266269
Kanagawa,1546421
Niigata,253322
Toyama,140488
Ishikawa,173879
Fukui,120904
Yamanashi,102963
Nagano,234656
Gifu,312483
Shizuoka,518599
Aichi,1411543
Mie,268337
Shiga,245827
Kyoto,491784
Osaka,2165655
Hyogo,1043541
Nara,237069
Wakayama,142218
Tottori,68484
Shimane,89521
Okayama,292633
Hiroshima,458743
Yamaguchi,175123
Tokushima,97566
Kagawa,150895
Ehime,172215
Kochi,104686
Fukuoka,1109119
Saga,163196
Nagasaki,220543
Kumamoto,344120
Oita,183751
Miyazaki,202546
Kagoshima,308246
Okinawa,509186
