都道府県,Prefecture,Population,DID_Density,Confirmed_Cases,Vaccination_Rate,Confirmed_Cases_per_Capita
北海道,Hokkaido,5140000,4953.874064837905,834431,69.87104034178533,16.23406614785992
青森県,Aomori,1204000,3585.968234575443,182250,74.40835780058396,15.137043189368772
岩手県,Iwate,1181000,4507.274774774775,119221,75.85795791806585,10.094919559695173
宮城県,Miyagi,2280000,5653.720494567254,281752,70.31045879752867,12.357543859649123
秋田県,Akita,930000,4055.940476190476,113280,78.72801212024561,12.180645161290322
山形県,Yamagata,1041000,3799.4212962962965,123876,76.54467085316448,11.89971181556196
福島県,Fukushima,1790000,4086.2473572938693,206463,74.42155593230409,11.534245810055864
茨城県,Ibaraki,2840000,4215.757029560202,384638,71.01751681103407,13.543591549295774
栃木県,Tochigi,1909000,4451.887877335889,239040,70.59084197274537,12.521739130434783
群馬県,Gunma,1913000,3772.1994408201303,253606,68.5614906266136,13.256978567694722
埼玉県,Saitama,7337000,8366.435146443515,1238401,67.83156412694065,16.87884694016628
千葉県,Chiba,6266000,7157.756343671168,986018,69.15754685524983,15.7360038301947
東京都,Tokyo,14038000,12679.986261220005,3266269,65.61414862824789,23.267338652229665
神奈川県,Kanagawa,9232000,9157.428780896524,1546421,67.12707770072599,16.75066074523397
新潟県,Niigata,2153000,4465.399042298483,253322,74.7994345021183,11.766000928936368
富山県,Toyama,1017000,3712.804659498208,140488,70.97059624285326,13.813962635201573
石川県,Ishikawa,1118000,5151.594936708861,173879,67.98818225673787,15.552683363148478
福井県,Fukui,753000,3892.9682365826943,120904,70.0122813091112,16.056308100929613
山梨県,Yamanashi,802000,4255.058430717863,102963,68.5167817450061,12.838279301745636
長野県,Nagano,2020000,4139.695227142036,234656,71.85030285620044,11.616633663366336
岐阜県,Gifu,1946000,4224.719748559455,312483,68.83038392578773,16.057708119218912
静岡県,Shizuoka,3582000,5025.435759209344,518599,69.16975141059784,14.477917364600781
愛知県,Aichi,7495000,6156.489846663903,1411543,63.4040538991795,18.83312875250167
三重県,Mie,1742000,4076.1664033701945,268337,67.2494390162571,15.403960964408725
滋賀県,Shiga,1409000,5818.989197530865,245827,65.87622989312165,17.446912704045424
京都府,Kyoto,2550000,8132.167414050821,491784,64.07810813933638,19.28564705882353
大阪府,Osaka,8782000,9146.189859762675,2165655,60.354612964764556,24.660157139603736
兵庫県,Hyogo,5402000,7164.805324459235,1043541,64.19567806242864,19.31767863754165
奈良県,Nara,1306000,6035.778382053026,237069,67.01253502388755,18.15229709035222
和歌山県,Wakayama,903000,3975.251141552512,142218,65.727986012836,15.749501661129568
鳥取県,Tottori,544000,3908.7384044526902,68484,66.83327049849379,12.588970588235293
島根県,Shimane,658000,4169.708737864077,89521,70.80584651308968,13.60501519756839
岡山県,Okayama,1862000,4427.491558128316,292633,66.04952434457331,15.716058002148229
広島県,Hiroshima,2760000,6069.4000662910175,458743,64.71213504802262,16.621123188405797
山口県,Yamaguchi,1313000,3179.9767441860463,175123,69.75320092295163,13.33762376237624
徳島県,Tokushima,704000,4207.669565217391,97566,67.2157286143409,13.858806818181819
香川県,Kagawa,934000,4047.4550128534706,150895,65.84227079219977,16.155781584582442
愛媛県,Ehime,1306000,4579.504447268107,172215,68.21786676894305,13.1864471669219
高知県,Kochi,676000,5793.9886578449905,104686,66.25107731860876,15.486094674556213
福岡県,Fukuoka,5116000,6322.733344464852,1109119,63.19861729107057,21.679417513682566
佐賀県,Saga,801000,4247.417417417418,163196,64.66980149916714,20.374032459425717
長崎県,Nagasaki,1283000,5014.630659253376,220543,70.21406437474779,17.1896336710834
熊本県,Kumamoto,1718000,5215.939759036145,344120,68.77765405564044,20.030267753201397
大分県,Oita,1107000,4545.991701244813,183751,66.84456660477552,16.599006323396566
宮崎県,Miyazaki,1052000,4253.89816360601,202546,65.42563444224662,19.25342205323194
鹿児島県,Kagoshima,1563000,5285.624,308246,67.95662599725519,19.721433141394755
沖縄県,Okinawa,1468000,7115.646731571626,509186,50.45010166843969,34.68569482288829
