date,prefecture_code,prefecture_name,count_first_shot_general,count_second_shot_general,count_third_shot_general,count_fourth_shot_general,count_fifth_shot_general,count_sixth_shot_general,count_seventh_shot_general,count_first_shot_general_wo_deceased,count_second_shot_general_wo_deceased,count_third_shot_general_wo_deceased,count_fourth_shot_general_wo_deceased,count_fifth_shot_general_wo_deceased,count_sixth_shot_general_wo_deceased,count_seventh_shot_general_wo_deceased
2024/9/24,1,ñkäCìπ,4033278,4010499,3710251,2732762,1854479,1242547,861841,3861857,3844079,3590111,2652638,1822557,1242547,861841
2024/9/24,2,ê¬êXåß,1038240,1033249,943520,722980,485011,330486,228869,991952,988240,911582,702453,477441,330486,228869
2024/9/24,3,ä‚éËåß,999273,993964,936644,729885,501451,350199,253333,949873,945834,902250,707412,491478,350199,253333
2024/9/24,4,ã{èÈåß,1805459,1796695,1636388,1157643,768178,515440,368407,1734153,1727400,1587189,1125986,754861,515440,368407
2024/9/24,5,èHìcåß,807537,803916,769047,607041,408759,272519,177614,765962,763557,740496,588781,402469,272519,177614
2024/9/24,6,éRå`åß,884304,880389,826732,631510,433942,295006,206249,841227,838631,797535,612792,425942,295006,206249
2024/9/24,7,ïüìáåß,1509326,1500004,1395956,1059553,703526,474826,324696,1446620,1439179,1352905,1031095,691901,474826,324696
2024/9/24,8,àÔèÈåß,2357492,2345801,2110185,1515560,996763,648762,447311,2260215,2251164,2045166,1473391,977386,648762,447311
2024/9/24,9,ì»ñÿåß,1568348,1559649,1409144,1017176,663060,430380,295971,1499742,1492782,1362003,987346,649612,430380,295971
2024/9/24,10,åQînåß,1524463,1515815,1370275,951775,634919,421466,295176,1457343,1450415,1323812,923576,623364,421466,295176
2024/9/24,11,çÈã åß,5890972,5853289,5157289,3530013,2275908,1458042,1026995,5670837,5638852,5006643,3437723,2237106,1458042,1026995
2024/9/24,12,êÁótåß,5033277,5004645,4486504,3078628,1994278,1324166,940352,4852398,4827987,4363891,3007418,1964491,1324166,940352
2024/9/24,13,ìåãûìs,10837071,10760284,9358006,6003512,3702860,2306182,1578526,10416201,10350712,9082027,5844290,3629707,2306182,1578526
2024/9/24,14,ê_ìﬁêÏåß,7297297,7261544,6355082,4198506,2655315,1773348,1243030,7027640,6999381,6183737,4091791,2608755,1773348,1243030
2024/9/24,15,êVäÉåß,1804109,1797012,1679681,1275877,861165,599166,436162,1719019,1714019,1618478,1235577,843548,599166,436162
2024/9/24,16,ïxéRåß,848206,844851,755498,528056,344035,232492,163259,812014,809702,729890,511745,336472,232492,163259
2024/9/24,17,êŒêÏåß,879717,875632,783604,538122,347948,225506,152295,844771,841554,759634,523416,342213,225506,152295
2024/9/24,18,ïüà‰åß,598611,595480,544185,381311,247242,159445,104390,579230,576777,531877,373653,244178,159445,104390
2024/9/24,19,éRóúåß,645425,642327,573588,404243,265100,172803,116354,620413,618082,556692,393334,260330,172803,116354
2024/9/24,20,í∑ñÏåß,1645988,1638739,1517824,1121824,749561,510354,360414,1573640,1568281,1468174,1088425,733439,510354,360414
2024/9/24,21,äÚïååß,1577612,1571431,1411304,971568,637280,406823,271771,1510034,1505570,1364360,941262,622296,406823,271771
2024/9/24,22,ê√â™åß,3003781,2988911,2595991,1783052,1157788,747663,508188,2884774,2873123,2513451,1729968,1136718,747663,508188
2024/9/24,23,à§ímåß,5689944,5661906,4917509,3088513,1846013,1137074,751116,5458239,5436039,4763305,2998695,1812393,1137074,751116
2024/9/24,24,éOèdåß,1402361,1396244,1228366,832147,522734,332358,221806,1348189,1343428,1191884,809713,513617,332358,221806
2024/9/24,25,é†âÍåß,1103844,1097682,955019,635733,408274,268579,185166,1069585,1064335,931453,620945,402038,268579,185166
2024/9/24,26,ãûìsï{,1904131,1895473,1654906,1107082,739243,500213,342412,1826255,1819762,1602721,1074259,725080,500213,342412
2024/9/24,27,ëÂç„ï{,6536212,6533959,5495023,3543175,2301426,1516298,1035593,6254398,6227601,5301787,3422252,2250466,1516298,1035593
2024/9/24,28,ï∫å…åß,4207261,4185564,3628256,2418621,1602960,1059089,734827,4026777,4009665,3504998,2341745,1571021,1059089,734827
2024/9/24,29,ìﬁó«åß,1027548,1022688,910284,634409,434771,295229,207962,995635,991789,888028,618788,428702,295229,207962
2024/9/24,30,òaâÃéRåß,700483,697396,629928,438810,302698,203976,136843,668106,665856,607508,424494,296826,203976,136843
2024/9/24,31,íπéÊåß,415037,412735,376739,268074,180750,122522,82772,398077,396282,365181,260665,177492,122522,82772
2024/9/24,32,ìáç™åß,530082,527846,483020,356401,249020,171987,117746,506024,504529,466362,345644,244823,171987,117746
2024/9/24,33,â™éRåß,1398578,1390685,1275854,870650,569704,389259,266029,1335782,1329389,1232105,842360,558352,389259,266029
2024/9/24,34,çLìáåß,2098937,2089096,1850804,1281206,868124,577904,410806,2016695,2009005,1792895,1243318,852072,577904,410806
2024/9/24,35,éRå˚åß,1031354,1027209,961551,721056,507636,358282,253937,979715,976813,925053,696826,496141,358282,253937
2024/9/24,36,ìøìáåß,552171,549565,503279,341508,222784,141952,94670,523724,521891,483107,328160,216808,141952,94670
2024/9/24,37,çÅêÏåß,731518,728491,652642,451070,292644,199586,139247,699751,697531,629940,436348,286692,199586,139247
2024/9/24,38,à§ïQåß,1039921,1034982,938648,665301,446280,293035,196907,990415,986947,905335,643186,435739,293035,196907
2024/9/24,39,çÇímåß,526207,521758,469416,350597,243256,158723,107660,502843,499057,453535,340338,238638,158723,107660
2024/9/24,40,ïüâ™åß,3854377,3819641,3333347,2294363,1549816,1008805,694932,3698011,3667712,3226139,2227824,1521060,1008805,694932
2024/9/24,41,ç≤âÍåß,603155,600222,540870,379140,254681,169486,113594,575792,573621,521787,366684,249395,169486,113594
2024/9/24,42,í∑çËåß,1030963,1025139,948101,689687,478132,325935,223763,986144,981666,917002,668857,468621,325935,223763
2024/9/24,43,åFñ{åß,1352945,1346030,1231077,874211,595896,398464,270001,1300758,1295340,1195194,851095,585500,398464,270001
2024/9/24,44,ëÂï™åß,859717,853919,777963,559585,376438,249354,170942,820930,816100,750984,542261,369154,249354,170942
2024/9/24,45,ã{çËåß,818576,813586,726996,508371,338326,223601,147119,778078,774169,699226,491388,331653,223601,147119
2024/9/24,46,é≠éôìáåß,1225970,1217314,1114415,792645,528142,339891,220310,1177965,1170665,1081440,771848,518618,339891,220310
2024/9/24,47,â´ìÍåß,998227,988069,770097,456570,269194,157306,87166,966374,957207,749295,444888,265451,157306,87166
