Prefecture,Vaccination_Rate
Hokkaido,69.87104034178533
Aomori,74.40835780058396
Iwate,75.85795791806585
Miyagi,70.31045879752867
Akita,78.72801212024561
Yamagata,76.54467085316448
Fukushima,74.42155593230409
Ibaraki,71.01751681103407
Tochigi,70.59084197274537
Gunma,68.5614906266136
Saitama,67.83156412694065
Chiba,69.15754685524983
Tokyo,65.61414862824789
Kanagawa,67.12707770072599
Niigata,74.7994345021183
Toyama,70.97059624285326
Ishikawa,67.98818225673787
Fukui,70.0122813091112
Yamanashi,68.5167817450061
Nagano,71.85030285620044
Gifu,68.83038392578773
Shizuoka,69.16975141059784
Aichi,63.4040538991795
Mie,67.2494390162571
Shiga,65.87622989312165
Kyoto,64.07810813933638
Osaka,60.354612964764556
Hyogo,64.19567806242864
Nara,67.01253502388755
Wakayama,65.727986012836
Tottori,66.83327049849379
Shimane,70.80584651308968
Okayama,66.04952434457331
Hiroshima,64.71213504802262
Yamaguchi,69.75320092295163
Tokushima,67.2157286143409
Kagawa,65.84227079219977
Ehime,68.21786676894305
Kochi,66.25107731860876
Fukuoka,63.19861729107057
Saga,64.66980149916714
Nagasaki,70.21406437474779
Kumamoto,68.77765405564044
Oita,66.84456660477552
Miyazaki,65.42563444224662
Kagoshima,67.95662599725519
Okinawa,50.45010166843969
